0,region,date
Hoda,united_states,2024/9/26
Presidents Cup,united_states,2024/9/26
Offset,united_states,2024/9/26
Free COVID tests,united_states,2024/9/26
Zelda: Echoes of Wisdom,united_states,2024/9/26
PS5 Pro,united_states,2024/9/26
PS5 Pro pre-order,united_states,2024/9/26
Fringe,united_states,2024/9/26
Cowboys vs Giants,united_states,2024/9/26
Holistic,united_states,2024/9/26
Daniel Ricciardo,united_states,2024/9/26
Tommy Kramer,united_states,2024/9/26
LAFC,united_states,2024/9/26
Napheesa Collier,united_states,2024/9/26
Eric Adams indictment,united_states,2024/9/26
WNBA playoffs,united_states,2024/9/26
Barcelona,united_states,2024/9/26
Matthew Sluka,united_states,2024/9/26
Inside Out 2,united_states,2024/9/26
Grotesquerie,united_states,2024/9/26
